,Fund Name,0,1,2,3,4,TOPSIS Score,Rank
0,M1,0.325558123303782,0.29190035016660665,0.39923826107835797,0.3666490459802,0.37020843157981015,0.3655843383168995,8
1,M2,0.35594354814546825,0.349237918949333,0.26615884071890533,0.29561527777659957,0.29556149987161956,0.5589328016255442,2
2,M3,0.38632897298715463,0.4117879939850344,0.411912491588782,0.2884401496752258,0.3051445519152386,0.4809893593983893,5
3,M4,0.3993512979193059,0.44306303150288506,0.3675526848022978,0.3566038666382767,0.3611297506963816,0.5716381451143505,1
4,M5,0.3342396732585495,0.307537868925532,0.411912491588782,0.39104448152487076,0.39315731936847687,0.3917062003723207,7
5,M6,0.31253579837163065,0.2710503251547062,0.33586710852623763,0.4384003269939377,0.42644581594104836,0.4441851384639966,6
6,M7,0.29951347343947937,0.2502003001428057,0.22813614918763314,0.4154399170695416,0.39517480400923877,0.5015260481819124,4
7,M8,0.3993512979193059,0.44306303150288506,0.3612155695470858,0.2238639967628618,0.24386345595209566,0.5330686583772164,3
